"No.", "Quantity", "Comment"                          , "Designator"                         , "Footprint"                          , "Value" , "Manufacturer Part"                , "Manufacturer"           , "Supplier Part", "Supplier", "JLCPCB Price"
"1"  , "1"       , "2.7kHz"                           , "BUZZER1"                            , "BUZ-SMD_4P-L8.5-W8.5-P8.50-BR"      , "2.7kHz", "MLT-8530"                         , "华能"                   , "C94599"       , "LCSC"    , "0.0306"
"2"  , "5"       , "10uF"                             , "C1,C2,C6,C8,C20"                    , "C0603"                              , "10uF"  , "CL10A106KP8NNNC"                  , "SAMSUNG(三星)"          , "C19702"       , "LCSC"    , "0.0083"
"3"  , "10"      , "100nF"                            , "C3,C4,C7,C9,C11,C12,C13,C14,C15,C19", "C0603"                              , "100nF" , "CC0603KRX7R9BB104"                , "YAGEO(国巨)"            , "C14663"       , "LCSC"    , "0.0017"
"4"  , "1"       , "1uF"                              , "C5"                                 , "C0603"                              , "1uF"   , "CL10A105KB8NNNC"                  , "SAMSUNG(三星)"          , "C15849"       , "LCSC"    , "0.0019"
"5"  , "4"       , "470uF"                            , "C21,C22,C23,C24"                    , "CAP-TH_BD6.3-P2.50-D0.6-FD-1"       , "470uF" , "PA16V470M6X9"                     , "JIERR(捷而瑞)"          , "C48935355"    , "LCSC"    , "0.0219"
"6"  , "1"       , "TF PUSH"                          , "CARD1"                              , "TF-SMD_TF-PUSH"                     , ""      , "TF PUSH"                          , "SHOU HAN(首韩)"         , "C393941"      , "LCSC"    , "0.0098"
"7"  , "1"       , "100nF"                            , "Cbst"                               , "C0805"                              , "100nF" , "CC0805KRX7R8BB104"                , "YAGEO(国巨)"            , "C519981"      , "LCSC"    , "0.0016"
"8"  , "1"       , "100nF"                            , "Cbst2"                              , "C0603"                              , "100nF" , "CGA0603X7R104K500JT"              , "HRE(芯声)"              , "C6119867"     , "LCSC"    , "0.0022"
"9"  , "1"       , "100pF"                            , "Cff"                                , "C0603"                              , "100pF" , "CC0603JRNPO6BN101"                , "YAGEO(国巨)"            , "C1853160"     , "LCSC"    , "0.0007"
"10" , "1"       , "68pF"                             , "Cff2"                               , "C0603"                              , "68pF"  , "CC0603JRNPO9BN680"                , "YAGEO(国巨)"            , "C62782"       , "LCSC"    , "0.0007"
"11" , "2"       , "15uF"                             , "Cin,Cin2"                           , "C0805"                              , "15uF"  , "C2012X5R1V156MT000E"              , "TDK"                    , "C5367448"     , "LCSC"    , "0.0482"
"12" , "1"       , "100nF"                            , "Cinx"                               , "C0603"                              , "100nF" , "GRM188R72A104KA35D"               , "muRata(村田)"           , "C77058"       , "LCSC"    , "0.0058"
"13" , "1"       , "HC-1.25-2PWT"                     , "CN1"                                , "CONN-SMD_2P-P1.25-HC-1.25-2PWT"     , ""      , "HC-1.25-2PWT"                     , "HCTL(华灿天禄)"         , "C2845379"     , "LCSC"    , "0.0075"
"14" , "1"       , "47uF"                             , "Cout"                               , "C1210"                              , "47uF"  , "GRM32ER61C476KE15L"               , "muRata(村田)"           , "C77101"       , "LCSC"    , "0.0443"
"15" , "1"       , "47uF"                             , "Cout2"                              , "C1206"                              , "47uF"  , "EMK316BBJ476ML-T"                 , "TAIYO YUDEN(太诱)"      , "C385907"      , "LCSC"    , "0.0395"
"16" , "3"       , "LESD5D5.0CT1G"                    , "D1,D2,D3"                           , "SOD-523_L1.2-W0.8-LS1.6-BI"         , ""      , "LESD5D5.0CT1G"                    , "UMW(友台半导体)"        , "C5199850"     , "LCSC"    , "0.0022"
"17" , "1"       , "BZT52C12"                         , "D4"                                 , "SOD-123_L2.7-W1.6-LS3.7-RD"         , ""      , "BZT52C12"                         , "MDD(辰达半导体)"        , "C173429"      , "LCSC"    , "0.0022"
"18" , "1"       , "1N4148W"                          , "D6"                                 , "SOD-123_L2.7-W1.6-LS3.7-FD"         , ""      , "1N4148W"                          , "R+O(宏嘉诚)"            , "C7420318"     , "LCSC"    , "0.0009"
"19" , "1"       , "PMEG3050EP,115"                   , "D8"                                 , "SOD-128_L3.7-W2.5-LS4.7-RD"         , ""      , "PMEG3050EP,115"                   , "Nexperia(安世)"         , "C50603"       , "LCSC"    , "0.0761"
"20" , "1"       , "SMBJ22CA"                         , "D9"                                 , "SMB_L4.6-W3.6-LS5.4-BI"             , ""      , "SMBJ22CA"                         , "R+O(宏嘉诚)"            , "C19077577"    , "LCSC"    , "0.0073"
"21" , "1"       , "DC005"                            , "DC1"                                , "DC-IN-TH_DC005"                     , ""      , "DC005"                            , "SHOU HAN(首韩)"         , "C431533"      , "LCSC"    , "0.008"
"22" , "5"       , "PZ254V-11-03P"                    , "H1,H2,H3,H4,H5"                     , "HDR-TH_3P-P2.54-V-M_PZ254V-11-03P"  , ""      , "PZ254V-11-03P"                    , "XFCN(兴飞)"             , "C2937625"     , "LCSC"    , "0.0029"
"23" , "1"       , "3.3uH"                            , "L1"                                 , "IND-SMD_L7.5-W7.2-1"                , "3.3uH" , "XAL7070-332MEC"                   , "Coilcraft(线艺)"        , "C3911435"     , "LCSC"    , "0.4746"
"24" , "1"       , "15uH"                             , "L2"                                 , "IND-SMD_L7.1-W6.6"                  , "15uH"  , "APH0630T150M"                     , "APV(爱普微)"            , "C5349699"     , "LCSC"    , "0.0124"
"25" , "1"       , "XL-1608SURC-06"                   , "LED1"                               , "LED0603-RD_RED"                     , ""      , "XL-1608SURC-06"                   , "XINGLIGHT(成兴光)"      , "C965799"      , "LCSC"    , "0.0006"
"26" , "4"       , "WS2812B-B/T"                      , "LED2,LED3,LED4,LED5"                , "LED-SMD_4P-L5.0-W5.0-TL_WS2812B-B"  , ""      , "WS2812B-B/T"                      , "worldsemi"              , "C2761795"     , "LCSC"    , "0.0158"
"27" , "1"       , "XL-1608UGC-04"                    , "LED6"                               , "LED0603-RD_GREEN"                   , ""      , "XL-1608UGC-04"                    , "XINGLIGHT(成兴光)"      , "C965804"      , "LCSC"    , "0.0008"
"28" , "1"       , "F.0603.00026/P2-0603B1TS2-06T-001", "LED7"                               , "LED0603-RD"                         , ""      , "F.0603.00026/P2-0603B1TS2-06T-001", "TUOZHAN(拓展光电)"      , "C7496819"     , "LCSC"    , "0.0007"
"29" , "1"       , "AO4485"                           , "Q1"                                 , "SOP-8_L5.1-W3.9-P1.27-LS6.0-BL"     , ""      , "AO4485"                           , "ElecSuper(静芯)"        , "C5334068"     , "LCSC"    , "0.0374"
"30" , "1"       , "L2N7002SLLT1G"                    , "Q2"                                 , "SOT-23-3_L3.0-W1.7-P0.95-LS2.9-BR"  , ""      , "L2N7002SLLT1G"                    , "LRC(乐山无线电)"        , "C22446827"    , "LCSC"    , "0.001"
"31" , "1"       , "DMG3415U"                         , "Q3"                                 , "SOT-23-3_L2.9-W1.3-P1.90-LS2.4-BR-1", ""      , "DMG3415U"                         , "TECH PUBLIC(台舟)"      , "C7202986"     , "LCSC"    , "0.0085"
"32" , "4"       , "5.1kΩ"                            , "R1,R2,R4,R5"                        , "R0603"                              , "5.1kΩ" , "0603WAF5101T5E"                   , "UNI-ROYAL(厚声)"        , "C23186"       , "LCSC"    , "0.0004"
"33" , "1"       , "22Ω"                              , "R6"                                 , "R0603"                              , "22Ω"   , "0603WAF220JT5E"                   , "UNI-ROYAL(厚声)"        , "C23345"       , "LCSC"    , "0.0004"
"34" , "2"       , "10kΩ"                             , "R7,Rfbb"                            , "R0603"                              , "10kΩ"  , "0603WAF1002T5E"                   , "UNI-ROYAL(厚声)"        , "C25804"       , "LCSC"    , "0.0003"
"35" , "1"       , "470Ω"                             , "R8"                                 , "R0603"                              , "470Ω"  , "0603WAF4700T5E"                   , "UNI-ROYAL(厚声)"        , "C23179"       , "LCSC"    , "0.0003"
"36" , "3"       , "100kΩ"                            , "R9,R11,Rpg"                         , "R0603"                              , "100kΩ" , "0603WAF1003T5E"                   , "UNI-ROYAL(厚声)"        , "C25803"       , "LCSC"    , "0.0004"
"37" , "1"       , "634kΩ"                            , "R10"                                , "R0603"                              , "634kΩ" , "0603WAF6343T5E"                   , "UNI-ROYAL(厚声)"        , "C65831"       , "LCSC"    , "0.0002"
"38" , "1"       , "13.7kΩ"                           , "R12"                                , "R0603"                              , "13.7kΩ", "0603WAF1372T5E"                   , "UNI-ROYAL(厚声)"        , "C22793"       , "LCSC"    , "0.0004"
"39" , "5"       , "220Ω"                             , "R13,R14,R15,R16,R17"                , "R0603"                              , "220Ω"  , "FRC0603J221 TS"                   , "FOJAN(富捷)"            , "C2907127"     , "LCSC"    , "0.0003"
"40" , "2"       , "1.2kΩ"                            , "R18,R19"                            , "R0603"                              , "1.2kΩ" , "FRC0603F1201TS"                   , "FOJAN(富捷)"            , "C2906976"     , "LCSC"    , "0.0004"
"41" , "1"       , "73.2kΩ"                           , "Rfbt"                               , "R0805"                              , "73.2kΩ", "0805W8F7322T5E"                   , "UNI-ROYAL(厚声)"        , "C17814"       , "LCSC"    , "0.0004"
"42" , "1"       , "20kΩ"                             , "Rff"                                , "R0603"                              , "20kΩ"  , "0603WAF2002T5E"                   , "UNI-ROYAL(厚声)"        , "C4184"        , "LCSC"    , "0.0004"
"43" , "2"       , "47kΩ"                             , "RN1,RN2"                            , "RES-ARRAY-SMD_0603-8P-L3.2-W1.6-BL" , "47kΩ"  , "RTA03-4D473JTP"                   , "RALEC(旺诠)"            , "C102673"      , "LCSC"    , "0.0009"
"44" , "4"       , "Screw-Hole-M2"                    , "SCREW1,SCREW2,SCREW3,SCREW4"        , "Screw-Hole-M2"                      , ""      , ""                                 , ""                       , ""             , ""        , ""
"45" , "2"       , "KMR211NGLFS"                      , "SW1,SW2"                            , "SW-SMD_4P-L4.2-W2.8-P1.60-LS4.6-TR" , ""      , "KMR211NGLFS"                      , "C&K"                    , "C221676"      , "LCSC"    , "0.0936"
"46" , "1"       , "2.4GHz"                           , "U1"                                 , "WIFIM-SMD_ESP32-S3-WROOM-1-N8"      , "2.4GHz", "ESP32-S3-WROOM-1-N8"              , "ESPRESSIF(乐鑫)"        , "C2913198"     , "LCSC"    , "0.7124"
"47" , "1"       , "AP2114H-3.3TRG1"                  , "U2"                                 , "SOT-223_L6.7-W3.5-P2.30-BR"         , ""      , "AP2114H-3.3TRG1"                  , "DIODES(美台)"           , "C150716"      , "LCSC"    , "0.0288"
"48" , "1"       , "SN74LV1T34DCKR"                   , "U3"                                 , "SC-70-5_L2.1-W1.3-P0.65-LS2.1-BR"   , ""      , "SN74LV1T34DCKR"                   , "TI(德州仪器)"           , "C78541"       , "LCSC"    , "0.0112"
"49" , "1"       , "TPS56637RPAR"                     , "U4"                                 , "VQFN-HR-10_L3.0-W3.0_RPA"           , ""      , "TPS56637RPAR"                     , "TI(德州仪器)"           , "C841386"      , "LCSC"    , "0.2311"
"50" , "1"       , "TXS0108EPWR"                      , "U6"                                 , "TSSOP-20_L6.5-W4.4-P0.65-LS6.4-BL"  , ""      , "TXS0108EPWR"                      , "TI(德州仪器)"           , "C17206"       , "LCSC"    , "0.0575"
"51" , "1"       , "MAX98357AETE+T"                   , "U7"                                 , "TQFN-16_L3.0-W3.0-P0.50-BL-EP1.5"   , ""      , "MAX98357AETE+T"                   , "ADI(亚德诺)/MAXIM(美信)", "C910544"      , "LCSC"    , "0.1967"
"52" , "1"       , "TPS54202DDCR"                     , "U8"                                 , "SOT-23-6_L2.9-W1.6-P0.95-LS2.8-BL"  , ""      , "TPS54202DDCR"                     , "TI(德州仪器)"           , "C191884"      , "LCSC"    , "0.0333"
"53" , "1"       , "TYPE-C16PIN"                      , "USB1"                               , "USB-C-SMD_TYPE-C16PIN"              , ""      , "TYPE-C16PIN"                      , "SHOU HAN(首韩)"         , "C393939"      , "LCSC"    , "0.0102"
